action,target_position,share
0,0.0,0.0
1,0.25,0.0
2,0.5,0.0
3,0.75,0.07692307692307693
4,1.0,0.9230769230769231
